ID1,Primer1sequence,ID2,Primer2sequence,,Productlength,Annealtemp,Notes,order
Left_7839_Num_0,TGGCAGAGCTGAAAGAGGAG,Right_7839_Num_0,ACGCTCAGTGGAACGAAAAC,,7839,64,OK,1
Left_6389_Num_0,GGGCAAGTATCGTTTCCACC,Right_6389_Num_0,GCTCTTGATCCGGCAAACAA,,6389,65,OK,2
Left_5260_Num_1,CACGTTGAGCCGACTATTCG,Right_5260_Num_1,ATGATCTCCATGGCTGCAGA,,5260,66,OK,3
Left_4452_Num_0,GGTGAAAGACCTGGGCAAAG,Right_4452_Num_0,AGATCGGCTGAACTCCACAA,,4452,65,OK,4
Left_3820_Num_0,CAGTGCAGTCTCCTCATCCA,Right_3820_Num_0,CCTGCAACTTTATCCGCCTC,,3820,64,OK,5
Left_3358_Num_1,CTCCGCAATTACACGCAAGA,Right_3358_Num_1,CATCCACACCGTTGACACAG,,3358,65,OK,6
Left_2937_Num_0,GGGAAACACTGCCCTTTCAG,Right_2937_Num_0,TGCTATCTCCTTTTCCGCCA,,2937,66,OK,7
Left_2660_Num_0,CTGGGAAACACTGCCCTTTC,Right_2660_Num_0,CCATGCAGACATCACGAAGG,,2660,66,OK,8
Left_2384_Num_0,ATCTGCGCCCATATCATCCA,Right_2384_Num_0,GCTGTTGCTGGTTCCATTCA,,2384,66,OK,9
Left_2107_Num_0,GGCATGATTCTGTTCCGCAT,Right_2107_Num_0,CATAGGACTCAGCGGTCAGT,,2107,62,OK,10
Left_1905_Num_0,CCTCCGCTGATTTTCGAGTG,Right_1905_Num_0,AAAGTGCCACCTGACGTCTA,,1905,62,OK,11
LEFT_4452_NUM_0,GGTGAAAGACCTGGGCAAAG,RIGHT_1750_NUM_0,TCTTGCGTGTAATTGCGGAG,,1750,66,OK,12
LEFT_1596_NUM_0,CACTGGCCGTCGTTTTACAA,RIGHT_7839_NUM_0,ACGCTCAGTGGAACGAAAAC,,1596,64,OK,13
Left_1459_Num_0,TCCGGACAGTACGTGGAAAA,Right_1459_Num_0,ATGGGAAGAAGGCGAAGTCA,,1459,65,OK,14
LEFT_2660_NUM_0,CTGGGAAACACTGCCCTTTC,RIGHT_1353_NUM,GAACTGGCTGTTGTTACCGG,,1353,64,OK,15
Left_1247_Num_0,GGGCCATTGTTTCTCTGTGG,Right_1247_Num_0,CCACGAATCAGCGGTAAAGG,,1247,67,OK,16
Left_1153_Num_0,CTAGCCCCAGTACTCCAGTG,Right_1153_Num_0,AAATTCCTGGAGCAATCGCC,,1153,61,OK--Tm difference is greater than the recommended limit of 5 °C.,17
Left_1068_Num_0,CCCGAAAACAGTTCTGGCAA,Right_1068_Num_0,GTGGATGAGGAGACTGCACT,,1068,62,OK,18
Left_982_Num_0,GATACCCGTCGTGGCTCTAA,Right_982_Num_0,TCACCATGTTGGCTCAGACT,,982,63,OK,19
LEFT_2937_NUM_0,GGGAAACACTGCCCTTTCAG,RIGHT_896_NUM_0,TTCTTCTTTCGTCCCCGTCA,,896,66,OK,20
Left_809_Num_1,TATGCTTCCGGCTCGTATGT,Right_809_Num_1,TGTCCGGAATACACGACGAT,,809,64,OK,21
LEFT_2384_NUM_0,ATCTGCGCCCATATCATCCA,RIGHT_744_NUM_0,ATGCGGAACAGAATCATGCC,,744,67,OK,22
Left_684_Num_0,GAGGCGGATAAAGTTGCAGG,Right_684_Num_0,TGAGTCCAACCCGGTAAGAC,,684,64,OK,23
Left_629_Num_0,GTGCACGAGTGGGTTACATC,Right_629_Num_0,CCCCAGTGCTGCAATGATAC,,629,63,OK,24
LEFT_684_NUM_0,GAGGCGGATAAAGTTGCAGG,RIGHT_577_NUM_0,GGCCTAACTACGGCTACACT,,577,60,OK--TM DIFFERENCE IS GREATER THAN THE RECOMMENDED LIMIT OF 5 °C.,25
LEFT_684_NUM_0,GAGGCGGATAAAGTTGCAGG,RIGHT_528_NUM_0,GCTGAAGCCAGTTACCTTCG,,528,64,OK,26
Left_482_Num_0,ATCGCTGAGATAGGTGCCTC,Right_482_Num_0,AACCCGGTAAGACACGACTT,,482,62,OK,27
Left_439_Num_0,GAGGTACACCGACAAATGGC,Right_439_Num_0,GAGAAAACAGGATGCCGGTC,,439,64,OK,28
Left_397_Num_0,AAGTCGTGTCTTACCGGGTT,Right_397_Num_0,ACATGTGAGCAAAAGGCCAG,,397,62,OK,29
Left_361_Num_0,TACCGGGTTGGACTCAAGAC,Right_361_Num_0,GGCCAGGAACCGTAAAAAGG,,361,64,OK,30
Left_325_Num_0,TTGGTTACGTCTGCATGTGC,Right_325_Num_0,ATCCCCATTCTGCAATGTGC,,325,65,OK,31
Left_291_Num_0,CTTCAGCAGAGCGCAGATAC,Right_291_Num_0,GTGGCGCTTTCTCATAGCTC,,291,63,OK,32
LEFT_3358_NUM_1,CTCCGCAATTACACGCAAGA,RIGHT_263_NUM_0,GCACTCGCGGGGATTTATTT,,263,66,OK,33
Left_235_Num_0,GATATCCCGGCACTGTCAGA,Right_235_Num_0,AACGTCTGAAAGCGGATTCG,,235,65,OK,34
LEFT_207_NUM_0,GGTTAACGGCGCAGTTACAT,RIGHT_439_NUM_0,GAGAAAACAGGATGCCGGTC,,207,64,OK,35
LEFT_180_NUM_0,AGATCGCTGAGATAGGTGCC,RIGHT_7839_NUM_0,ACGCTCAGTGGAACGAAAAC,,180,63,OK,36
LEFT_397_NUM_0,AAGTCGTGTCTTACCGGGTT,RIGHT_153_NUM_0,GGCGCTTTCTCATAGCTCAC,,153,62,OK,37
LEFT_126_NUM_0,GACTGGATGGAGGCGGATAA,RIGHT_629_NUM_0,CCCCAGTGCTGCAATGATAC,,126,65,OK,38
LEFT_100_NUM_0,CAAGAACTCTGTAGCACCGC,RIGHT_684_NUM_0,TGAGTCCAACCCGGTAAGAC,,100,63,OK,39